,User-ID,Location
88,92,spain
239,243,united states
240,244,united states
252,256,united states
352,361,spain
494,503,united states
627,638,united states
632,643,france
649,660,united states
828,843,united states
835,850,germany
865,882,united states
896,914,germany
1003,1025,united kingdom
1032,1054,united states
1052,1075,united states
1059,1082,united states
1148,1172,germany
1186,1211,france
1194,1219,malaysia
1267,1294,canada
1368,1399,united states
1404,1435,united states
1495,1530,united states
1511,1548,united states
1691,1733,united states
1750,1792,united states
1763,1805,united states
1988,2033,united states
1991,2036,united states
2038,2084,spain
2064,2110,united states
2105,2152,united states
2155,2203,united kingdom
2168,2216,germany
2228,2276,united states
2387,2437,united states
2452,2503,united kingdom
2511,2565,united states
2710,2766,united states
2720,2776,united states
2848,2907,united states
3081,3145,united states
3103,3167,united states
3260,3326,germany
3278,3344,united states
3289,3355,spain
3352,3418,united states
3475,3542,united states
3489,3556,united states
3510,3578,canada
3601,3675,spain
3635,3709,united states
3645,3719,united states
3681,3757,spain
3748,3827,united states
3760,3840,united states
3931,4017,united states
4008,4097,spain
4049,4138,united states
4129,4221,united states
4132,4224,germany
4133,4225,canada
4167,4260,france
4473,4571,australia
4523,4622,united states
4690,4795,united states
4732,4838,germany
4828,4938,united states
4888,4999,united states
4989,5102,spain
5045,5158,france
5091,5207,united states
5109,5225,germany
5170,5287,canada
5232,5350,germany
5337,5459,united states
5366,5490,united states
5417,5543,united states
5455,5582,united states
5732,5868,united states
5763,5899,germany
5914,6051,united states
5924,6061,germany
5965,6102,united states
5977,6115,united states
6013,6153,united states
6029,6169,united states
6054,6196,united states
6075,6218,canada
6098,6242,canada
6107,6251,united states
6202,6347,canada
6285,6431,united states
6360,6507,spain
6362,6509,germany
6385,6532,canada
6395,6543,united states
6414,6563,united states
6417,6566,united states
6426,6575,united states
6428,6577,united states
6764,6917,united states
6902,7056,canada
6918,7072,united states
6927,7082,united states
6970,7125,united states
6979,7134,united states
7002,7158,united states
7025,7181,spain
7053,7210,canada
7069,7226,united states
7125,7283,united states
7188,7346,united states
7322,7482,united states
7457,7621,canada
7518,7684,united states
7639,7809,united states
7668,7841,united states
7691,7864,malaysia
7714,7887,united states
7753,7928,united states
7890,8066,united states
7918,8094,spain
7919,8095,canada
8057,8234,united states
8068,8245,united states
8076,8253,united states
8107,8284,united states
8184,8362,united states
8290,8472,colombia
8345,8529,spain
8445,8630,united states
8473,8660,austria
8494,8681,united states
8548,8737,united states
8552,8741,germany
8585,8774,united states
8591,8780,united states
8593,8782,canada
8674,8864,united states
8682,8872,united states
8834,9029,spain
8839,9034,chile
8980,9179,germany
9027,9227,united states
9089,9289,united states
9152,9354,united states
9253,9460,united states
9283,9490,united kingdom
9372,9580,united kingdom
9428,9637,united states
9537,9747,united states
9639,9850,france
9696,9908,united states
9817,10030,united states
9854,10067,united kingdom
9903,10118,united states
9997,10212,united states
10098,10314,united states
10099,10315,canada
10118,10334,united states
10226,10447,united states
10338,10560,united states
10348,10570,singapore
10471,10697,united states
10484,10710,united states
10592,10819,united states
10919,11155,united states
10936,11172,germany
10962,11198,germany
10987,11224,united states
10993,11230,france
11288,11529,united states
11474,11718,united states
11542,11788,united states
11667,11916,united states
11675,11924,united states
11695,11944,portugal
11740,11993,united states
11841,12100,philippines
11929,12189,spain
11942,12202,philippines
12012,12272,romania
12013,12273,germany
12072,12333,united kingdom
12268,12538,united states
12297,12567,united states
12321,12591,germany
12380,12650,spain
12528,12803,united states
12545,12820,canada
12549,12824,united states
12560,12835,germany
12704,12982,spain
12801,13082,united states
12845,13126,india
12989,13273,united states
12996,13280,united states
13028,13312,spain
13148,13432,united states
13221,13506,united states
13233,13518,united states
13267,13552,united states
13676,13973,united states
13780,14079,spain
14061,14363,united states
14071,14374,united states
14084,14387,united kingdom
14116,14422,united states
14138,14444,germany
14145,14451,portugal
14154,14461,germany
14312,14623,united states
14370,14683,canada
14455,14768,united states
14641,14958,spain
14649,14966,united states
14730,15049,united states
14830,15150,spain
14831,15151,spain
15093,15418,spain
15199,15527,united states
15260,15589,france
15293,15623,united states
15302,15632,canada
15488,15819,united states
15616,15951,italy
15684,16019,united states
15727,16062,united states
15771,16106,united states
15786,16121,united states
15826,16161,australia
15949,16287,spain
16060,16400,united states
16194,16538,united states
16253,16599,united states
16287,16634,united states
16296,16643,united states
16325,16673,spain
16338,16687,united states
16367,16717,united states
16368,16718,united states
16427,16777,united states
16445,16795,united states
16525,16877,united states
16588,16941,germany
16690,17046,united states
16796,17156,united states
16829,17190,united states
16918,17282,united states
17207,17578,germany
17414,17789,france
17417,17792,germany
17527,17906,united states
17571,17950,malaysia
17623,18004,united states
17713,18095,united states
17728,18112,united states
17750,18134,germany
17787,18172,united states
17810,18196,france
17817,18203,united states
17997,18384,spain
18023,18411,germany
18104,18494,belgium
18209,18601,united states
18288,18682,united kingdom
18316,18710,united states
18580,18979,united states
18682,19085,united states
18748,19153,united states
18952,19362,united states
19066,19478,united states
19142,19556,united states
19155,19570,united states
19158,19573,united states
19171,19586,united states
19196,19611,germany
19247,19664,united states
19289,19707,united states
19387,19807,germany
19547,19969,united states
19552,19974,united kingdom
19611,20034,switzerland
19724,20149,united states
19833,20265,united states
19991,20427,austria
20031,20468,canada
20107,20545,united states
20182,20622,canada
20187,20627,united states
20238,20680,united states
20261,20703,united states
20353,20799,united states
20534,20983,united states
20561,21011,united states
20564,21014,united states
20580,21031,united states
20588,21039,united states
20619,21070,germany
20645,21097,spain
20663,21115,united states
20748,21202,united states
20749,21203,united kingdom
20802,21257,united states
20828,21283,united states
20844,21300,united states
20944,21404,canada
21023,21484,united states
21114,21576,united states
21186,21649,united states
21196,21659,united states
21254,21717,united states
21406,21870,united states
21472,21937,united states
21579,22045,united states
21608,22074,united states
21659,22126,canada
21771,22241,united states
21943,22418,united states
22071,22547,sweden
22148,22625,united states
22209,22688,united states
22240,22720,germany
22338,22818,united states
22404,22885,united kingdom
22442,22924,spain
22454,22936,united states
22485,22968,united states
22508,22991,germany
22548,23032,united states
22640,23127,spain
22691,23181,united states
22710,23200,germany
22892,23385,germany
22919,23415,spain
23073,23571,united states
23137,23635,united states
23165,23664,united states
23198,23699,united states
23266,23768,united states
23346,23848,united states
23367,23871,united states
23368,23872,united states
23396,23902,united kingdom
23442,23948,united states
23659,24172,australia
23673,24186,united states
23702,24215,united states
23707,24220,united states
23801,24314,united states
23875,24391,united states
23936,24452,united states
24009,24525,united states
24110,24627,united states
24400,24921,united states
24412,24933,united states
24653,25177,australia
24880,25409,united states
24912,25441,mexico
24924,25453,united states
24945,25474,united states
25050,25580,united states
25053,25583,united states
25263,25798,australia
25380,25916,united states
25383,25919,united states
25419,25955,belgium
25430,25966,united states
25443,25981,united states
25478,26017,united states
25509,26049,united states
25541,26084,united states
25551,26094,germany
25599,26143,united states
25609,26153,united states
25644,26190,united states
25685,26231,canada
25703,26249,united states
25814,26361,united states
25824,26371,canada
25874,26421,united states
25895,26443,france
25986,26535,united states
25989,26538,united states
26004,26553,united states
26034,26583,canada
26069,26618,canada
26071,26621,united states
26144,26694,united states
26211,26761,united states
26347,26898,spain
26614,27169,united states
26708,27265,portugal
26747,27304,united states
26823,27381,canada
27024,27586,united states
27083,27647,portugal
27140,27704,united states
27180,27744,switzerland
27230,27794,united states
27248,27812,united states
27311,27875,united states
27449,28016,united states
27521,28091,united states
27539,28109,united states
27552,28123,united states
27562,28133,united states
27568,28139,united states
27573,28144,united states
27578,28150,united states
27604,28177,united states
27630,28204,canada
27737,28313,germany
27783,28360,united states
27872,28451,united states
27943,28523,united states
27957,28537,germany
27967,28548,united states
28008,28591,united states
28011,28594,canada
28036,28619,united states
28051,28634,united states
28107,28693,united states
28207,28795,united states
28449,29041,united states
28540,29133,united states
28662,29259,united states
28820,29419,united states
28882,29482,united states
28920,29523,united states
28923,29526,united states
28963,29570,slovenia
29065,29677,united states
29233,29855,united states
29243,29867,united states
29279,29905,united states
29423,30052,united states
29485,30116,canada
29488,30120,united states
29587,30219,united states
29642,30276,united states
29681,30316,united states
29698,30333,united states
29824,30461,united states
29850,30487,united states
29854,30491,united states
29874,30511,netherlands
29892,30531,united states
29894,30533,united states
29920,30560,united states
29954,30594,united states
29970,30610,united states
30069,30711,australia
30085,30727,germany
30093,30735,united states
30163,30806,canada
30167,30810,germany
30254,30898,united states
30289,30933,united states
30324,30968,united states
30328,30972,united states
30336,30980,canada
30350,30994,united states
30394,31040,united states
30430,31078,united states
30446,31094,united states
30488,31139,canada
30493,31144,united states
30507,31158,united states
30597,31250,united states
30631,31285,united states
30660,31315,united states
30676,31332,united states
30732,31391,united states
30734,31393,united states
30768,31429,united states
30838,31500,united states
30877,31541,united states
30892,31556,united states
30930,31594,united states
30986,31652,united states
31016,31683,united states
31156,31826,united states
31176,31846,united states
31190,31860,united states
31251,31922,united states
31279,31950,australia
31449,32122,united states
31474,32148,canada
31544,32219,united states
31574,32250,canada
31650,32329,united states
31667,32346,united states
31889,32575,australia
31937,32625,spain
32005,32694,united states
32031,32721,france
32064,32754,france
32083,32773,united states
32155,32847,germany
32249,32942,united states
32272,32966,australia
32297,32991,united states
32335,33030,united states
32447,33145,france
32500,33200,united states
32508,33208,germany
32561,33264,united states
32705,33408,spain
32769,33474,united states
32869,33576,united states
32873,33580,united states
32890,33597,united states
33051,33762,united states
33104,33816,canada
33106,33818,canada
33122,33834,united states
33191,33905,austria
33219,33933,united states
33229,33943,france
33266,33981,united states
33283,33999,united states
33333,34052,spain
33413,34133,united states
33578,34300,canada
33596,34318,germany
33653,34377,canada
33674,34398,italy
33777,34501,united states
33797,34521,switzerland
33863,34588,united states
34016,34748,united states
34167,34904,spain
34333,35073,united states
34359,35099,germany
34403,35143,united states
34408,35148,united states
34665,35407,germany
34681,35424,united states
34684,35427,germany
34690,35433,switzerland
34701,35445,united states
34739,35484,germany
34741,35486,germany
34742,35487,germany
34762,35508,canada
34851,35599,united states
34958,35707,germany
34969,35718,germany
34971,35720,germany
34990,35739,germany
35081,35831,united states
35086,35836,united states
35107,35857,united states
35109,35859,united states
35115,35865,canada
35249,36003,malaysia
35344,36103,united states
35351,36110,germany
35468,36229,united states
35470,36231,united states
35564,36327,united states
35834,36606,united states
35850,36622,united states
35852,36624,united states
35941,36715,united states
35944,36718,australia
36025,36802,united states
36130,36907,canada
36177,36956,united states
36199,36978,united states
36355,37135,united states
36425,37208,united states
36526,37310,united states
36527,37311,united states
36574,37358,canada
36726,37511,united states
36727,37512,united states
36741,37527,france
36751,37538,malaysia
36780,37567,united kingdom
36796,37584,united states
36856,37644,united states
36904,37693,canada
36923,37712,united states
37060,37850,papua new guinea
37083,37874,united states
37157,37950,canada
37181,37974,united states
37476,38273,united states
37484,38281,spain
37679,38482,united states
37895,38703,united states
37954,38763,united states
37971,38781,united states
37992,38802,finland
38093,38906,united states
38133,38946,united states
38181,38995,united states
38261,39079,switzerland
38288,39106,united states
38406,39227,united states
38458,39281,united states
38550,39374,united states
38572,39396,germany
38576,39400,spain
38642,39467,spain
38653,39480,united states
38696,39523,united states
38764,39591,australia
38788,39616,united states
38818,39646,united states
38884,39712,argentina
39266,40104,canada
39337,40176,canada
39384,40225,united states
39522,40367,united states
39570,40415,united states
39613,40460,united states
39620,40467,austria
39777,40627,germany
39785,40635,italy
39873,40723,germany
39945,40795,united states
39987,40838,united states
39996,40847,germany
40036,40889,united states
40089,40943,united states
40226,41080,united states
40238,41092,australia
40249,41103,malaysia
40257,41111,united states
40321,41177,united states
40370,41227,germany
40526,41383,united states
40593,41450,united states
40731,41589,united states
40787,41646,united states
40799,41658,united states
40838,41698,germany
40840,41700,switzerland
40891,41751,united states
40921,41781,united states
41050,41911,romania
41235,42099,united states
41377,42242,united states
41378,42243,united states
41541,42408,united states
41546,42413,united states
41727,42597,united states
42035,42914,united states
42049,42929,united states
42059,42939,united states
42124,43006,united states
42178,43061,united states
42233,43118,portugal
42360,43246,canada
42422,43309,united states
42531,43418,canada
42539,43426,canada
42579,43466,united states
42730,43619,united states
42750,43639,united states
42789,43678,united states
42798,43687,united states
42915,43806,united states
42971,43864,united states
43007,43901,united states
43026,43920,united states
43349,44252,united states
43366,44269,united states
43508,44414,france
43536,44444,united states
43626,44535,united states
43877,44790,united states
43931,44845,united states
43938,44852,united states
43970,44884,united states
43979,44893,united states
44118,45035,united states
44125,45042,united states
44171,45089,united states
44195,45113,united states
44252,45172,united states
44379,45302,united states
44392,45315,united states
44492,45416,united states
44494,45418,united states
44628,45557,united states
44903,45839,spain
45252,46196,united states
45359,46307,united states
45364,46312,united states
45402,46351,france
45448,46398,united states
45493,46443,united states
45717,46671,united states
45930,46889,germany
45933,46892,united states
45947,46907,united states
46148,47111,italy
46162,47126,united states
46300,47265,united states
46351,47316,united states
46403,47368,united states
46565,47534,switzerland
46893,47864,united states
46958,47929,united states
47004,47975,united states
47011,47982,united states
47053,48025,united states
47064,48037,united states
47290,48268,austria
47513,48494,united states
47598,48579,united states
47741,48725,united states
47910,48899,united states
47922,48911,united states
48113,49109,united states
48143,49140,germany
48147,49144,spain
48157,49154,united states
48170,49168,united states
48210,49212,united states
48223,49225,united states
48284,49289,canada
48307,49313,united states
48350,49358,united states
48382,49392,united states
48393,49403,united states
48412,49422,germany
48450,49460,united states
48541,49551,germany
48572,49582,france
48624,49635,united states
48777,49792,united states
49171,50193,canada
49182,50204,united states
49303,50330,germany
49349,50376,australia
49361,50388,united states
49490,50521,united states
49515,50547,canada
49578,50612,united states
49615,50650,united states
49626,50662,germany
49856,50895,united states
49857,50896,united states
49889,50928,italy
50141,51184,germany
50146,51189,united states
50403,51450,united states
50478,51526,united states
50497,51545,united states
50546,51595,united states
50577,51627,united states
50597,51647,united states
50613,51663,united states
50691,51742,united states
50829,51883,united states
50988,52044,united states
51072,52130,united states
51082,52141,united states
51139,52199,united states
51143,52203,france
51180,52242,united states
51232,52296,canada
51286,52350,portugal
51377,52441,australia
51480,52544,germany
51550,52614,united states
51567,52631,united states
51830,52898,austria
51972,53042,united states
52076,53149,germany
52101,53174,united states
52116,53189,united states
52147,53220,united states
52181,53254,united states
52201,53274,united states
52205,53278,canada
52227,53301,united states
52319,53394,united states
52508,53590,switzerland
52532,53614,portugal
52545,53628,france
52579,53664,canada
52593,53678,united states
52671,53759,united states
52702,53790,united states
52720,53808,spain
52756,53846,united states
52854,53946,united states
52942,54035,united states
53037,54132,united states
53124,54222,united states
53189,54289,united states
53233,54335,united states
53311,54413,united states
53327,54429,united states
53351,54453,united states
53515,54622,malaysia
53568,54675,spain
53771,54884,united states
53775,54889,united states
53909,55027,united states
54067,55187,united states
54146,55270,united states
54273,55398,united states
54310,55438,united states
54362,55490,united states
54364,55492,united states
54365,55493,canada
54409,55539,united states
54595,55728,canada
54666,55799,canada
54756,55892,united states
54797,55933,united states
54874,56011,united states
54902,56039,france
54918,56055,germany
55104,56246,canada
55126,56268,france
55129,56271,united kingdom
55139,56282,spain
55164,56307,united states
55238,56383,germany
55246,56391,united states
55254,56399,united kingdom
55301,56447,united states
55383,56531,united states
55405,56554,united states
55466,56616,united states
55504,56654,united states
55577,56728,canada
55594,56745,united states
55620,56772,united states
55651,56804,new zealand
55804,56959,united states
55836,56991,united kingdom
55858,57013,united states
55913,57070,united states
55948,57105,united states
56074,57234,united states
56101,57261,netherlands
56234,57398,united states
56285,57449,germany
56672,57844,spain
56707,57880,united states
56744,57920,united states
56759,57935,united states
56820,57999,united states
56935,58120,united states
56957,58142,united states
57152,58342,united states
57223,58414,united states
57277,58468,germany
57346,58537,germany
57396,58587,germany
57403,58594,united states
57421,58612,united states
57493,58685,canada
57532,58724,united states
57580,58773,united states
57661,58855,united states
57717,58911,united states
57770,58964,united states
57843,59038,united states
57970,59170,united kingdom
57972,59172,canada
57979,59179,united states
57989,59189,united states
58008,59209,canada
58066,59267,united states
58068,59269,united states
58168,59372,united states
58406,59612,united states
58449,59656,united states
58588,59799,united states
58609,59820,united states
58653,59864,new zealand
58700,59912,united states
58793,60006,germany
58826,60040,united states
58836,60050,united states
58872,60087,united states
58883,60098,united states
58915,60130,united states
58953,60168,united states
58983,60198,united states
59008,60224,united states
59024,60240,united states
59028,60244,united states
59047,60263,united states
59101,60319,united states
59119,60337,united states
59484,60707,united states
59585,60809,france
59630,60854,united states
59689,60914,united states
59716,60941,united states
59767,60994,spain
59789,61017,united states
59797,61025,united states
59800,61028,united states
59919,61147,austria
60053,61283,united states
60124,61354,united states
60268,61501,canada
60397,61634,germany
60402,61639,germany
60461,61700,united states
60490,61729,germany
60523,61762,germany
60614,61854,united states
60660,61900,united states
60711,61954,united states
61028,62272,united states
61056,62302,united states
61295,62542,united states
61338,62586,united states
61612,62862,united states
61641,62891,united states
61645,62895,united kingdom
61707,62958,united states
61715,62966,united states
61877,63133,united states
61987,63246,switzerland
62047,63306,united states
62132,63394,united states
62189,63452,united states
62337,63604,united states
62447,63714,united kingdom
62585,63855,luxembourg
62607,63878,australia
62647,63918,canada
62667,63938,united states
62677,63948,germany
62700,63971,switzerland
62705,63976,united states
62722,63993,united states
62727,63998,united states
62835,64109,germany
62863,64137,united states
62873,64148,united states
62963,64241,united states
62992,64270,united states
63032,64310,united states
63152,64436,united states
63248,64535,united states
63389,64679,united states
63435,64726,france
63604,64899,united states
63672,64968,united states
63731,65027,united states
63736,65032,united states
63801,65098,united states
63959,65258,united states
63966,65265,united states
64042,65345,switzerland
64165,65471,canada
64177,65484,united states
64294,65607,united states
64396,65710,switzerland
64557,65877,united states
64676,66000,united kingdom
64730,66055,united states
64742,66067,united states
64775,66100,united states
64784,66109,canada
64959,66288,finland
64992,66323,united states
65089,66423,germany
65133,66467,germany
65136,66470,germany
65148,66483,germany
65150,66485,germany
65235,66574,united states
65239,66578,united states
65341,66680,united states
65369,66708,united states
65425,66765,canada
65449,66789,united states
65510,66850,united states
65537,66878,united states
65599,66942,malaysia
65674,67017,united kingdom
65768,67111,germany
65843,67187,canada
65854,67198,united states
65926,67270,canada
66057,67402,united states
66152,67497,germany
66198,67544,canada
66280,67627,united states
66346,67694,united states
66432,67782,united states
66435,67785,united kingdom
66458,67810,united states
66487,67840,united states
66588,67945,united states
66642,68000,canada
66822,68184,israel
66823,68185,united states
66865,68227,united states
66892,68254,austria
67082,68447,united states
67189,68555,united states
67197,68563,united states
67240,68608,united states
67274,68643,united states
67358,68729,canada
67389,68760,united states
67484,68860,canada
67587,68965,united states
67629,69008,united states
67698,69078,united states
67709,69089,australia
67775,69156,united states
67829,69211,united states
67850,69232,united states
67947,69331,germany
67969,69354,united states
68004,69389,united states
68020,69405,netherlands
68055,69440,united states
68125,69511,united states
68306,69697,united states
68384,69775,united states
68578,69971,united states
68789,70189,united states
68975,70379,united states
68996,70401,united states
69010,70415,united states
69134,70541,germany
69178,70585,sweden
69187,70594,canada
69196,70603,united states
69247,70656,germany
69257,70666,united states
69291,70700,united states
69385,70796,spain
69502,70918,united states
69580,70999,united states
69731,71155,germany
69771,71196,united states
69782,71207,united states
69840,71266,united states
70062,71490,united states
70093,71521,canada
70255,71684,germany
70291,71720,france
70310,71739,germany
70323,71752,united states
70349,71779,united states
70401,71831,united states
70423,71853,united states
70425,71855,united states
70495,71927,germany
70535,71967,germany
70594,72028,united states
70649,72084,united states
70664,72100,united states
70777,72214,canada
70941,72379,united states
71159,72601,germany
71294,72742,united states
71537,72990,united states
71539,72992,france
71590,73044,canada
71605,73059,united states
71786,73243,united states
71973,73435,switzerland
72002,73464,germany
72091,73554,spain
72125,73588,united states
72184,73651,united states
72213,73681,portugal
72582,74056,united states
72696,74172,france
72699,74175,united states
72709,74185,united states
72711,74187,united states
72810,74286,united states
72898,74377,united states
72932,74411,united kingdom
72953,74432,ghana
73002,74483,united states
73012,74493,united states
73172,74655,austria
73182,74665,united states
73274,74758,united states
73308,74792,united states
73424,74911,united states
73440,74929,germany
73506,74997,united states
73620,75115,germany
73654,75149,united states
73686,75181,germany
73800,75297,germany
73857,75355,germany
73935,75433,united kingdom
73993,75491,united states
74092,75591,united states
74195,75695,united states
74306,75809,united states
74315,75819,united states
74355,75860,united states
74511,76019,united kingdom
74611,76122,canada
74656,76168,united states
74705,76218,united states
74746,76259,united states
74837,76351,united states
74838,76352,united states
74892,76406,united states
74918,76433,germany
74967,76482,united states
74968,76483,united states
74983,76499,united states
75012,76530,united states
75107,76626,united kingdom
75238,76760,united states
75259,76781,united states
75364,76888,united states
75405,76930,united states
75511,77039,spain
75600,77128,united states
75733,77261,united states
75828,77359,united states
75852,77383,canada
75938,77471,australia
75947,77480,united states
75958,77491,united states
76164,77702,united states
76177,77715,united states
76197,77735,united states
76234,77772,united states
76271,77809,united states
76278,77816,united states
76364,77902,united states
76785,78328,united states
76828,78371,united states
76903,78447,united states
76906,78450,germany
76950,78496,united states
77006,78553,united states
77032,78579,united states
77206,78755,germany
77227,78777,united states
77233,78783,united states
77283,78834,united states
77295,78846,united states
77304,78855,united states
77316,78867,united states
77350,78901,united states
77421,78973,portugal
77708,79266,united states
77813,79372,hong kong
77878,79441,canada
77959,79523,united states
78073,79638,united kingdom
78121,79687,germany
78157,79724,united states
78158,79725,canada
78272,79842,united states
78386,79958,united states
78389,79961,united states
78404,79977,united states
78486,80061,switzerland
78510,80086,germany
78511,80087,germany
78914,80497,united states
78927,80510,united states
78954,80538,portugal
78971,80555,united kingdom
79039,80625,germany
79095,80683,united states
79165,80754,germany
79191,80781,germany
79213,80803,france
79220,80810,united states
79300,80891,spain
79317,80908,spain
79387,80980,sweden
79439,81032,united states
79471,81064,united states
79493,81087,canada
79540,81136,united states
79611,81207,portugal
79651,81249,canada
79664,81263,china
79675,81274,united kingdom
79680,81279,canada
79698,81298,united states
79718,81318,united states
79758,81359,canada
79767,81368,united states
79878,81481,germany
79881,81484,united states
79887,81490,canada
79888,81492,united states
79955,81560,new zealand
80234,81848,united states
80239,81854,united states
80250,81865,canada
80284,81899,united states
80366,81982,germany
80439,82057,germany
80718,82337,switzerland
80778,82398,united states
80786,82407,united states
80793,82414,united states
80875,82497,united states
81028,82653,united states
81180,82808,australia
81203,82831,united states
81213,82841,united states
81214,82842,united states
81260,82888,united states
81265,82893,united states
81273,82901,united states
81327,82955,united states
81463,83092,united states
81528,83157,united states
81537,83166,united states
81610,83239,canada
81657,83287,united states
81675,83306,canada
81732,83363,united states
81940,83573,united states
82032,83666,united states
82107,83742,united states
82467,84111,united states
82688,84337,italy
82696,84345,germany
82828,84479,united states
83013,84671,canada
83065,84724,united states
83138,84801,germany
83405,85072,united states
83502,85171,germany
83588,85257,canada
83599,85268,united states
83646,85316,germany
83696,85367,united states
83755,85426,united states
83785,85458,united states
83853,85526,canada
83941,85616,united states
84079,85757,united states
84128,85806,switzerland
84267,85950,united states
84308,85993,united states
84316,86001,canada
84403,86093,united states
84413,86103,germany
84511,86202,australia
84586,86277,united states
84674,86368,united states
84697,86392,canada
84769,86465,united states
84792,86488,united states
84885,86583,germany
84981,86680,united states
84983,86683,spain
85016,86720,canada
85143,86849,united states
85224,86932,canada
85260,86969,united states
85327,87036,germany
85328,87037,united states
85341,87051,united states
85385,87095,united states
85404,87114,canada
85429,87141,united states
85582,87302,united states
85701,87424,united states
85825,87549,united states
85831,87555,united states
85987,87712,canada
86003,87729,portugal
86016,87742,spain
86050,87776,spain
86144,87872,spain
86172,87900,united states
86183,87911,united states
86201,87929,united states
86210,87938,malaysia
86220,87949,united states
86235,87964,united states
86300,88029,canada
86369,88099,argentina
86500,88232,italy
86549,88283,germany
86675,88412,canada
86697,88435,philippines
86755,88493,canada
86823,88565,united states
86909,88652,united states
86934,88677,canada
86949,88693,china
86988,88733,united states
87010,88755,united states
87047,88793,united states
87065,88812,united states
87245,88993,canada
87281,89029,united states
87326,89074,united states
87457,89207,united kingdom
87516,89266,germany
87528,89278,germany
87556,89306,united states
87557,89307,united states
87611,89361,germany
87723,89475,canada
87806,89558,spain
87849,89602,united states
88151,89911,united states
88231,89991,austria
88287,90049,canada
88342,90105,france
88381,90146,united states
88409,90174,united states
88466,90232,france
88511,90277,france
88566,90334,united states
88661,90431,united states
88848,90626,france
88868,90646,united states
88957,90736,united states
88964,90743,united states
89166,90952,italy
89230,91020,united states
89267,91058,united states
89311,91103,united states
89320,91113,united states
89337,91130,united states
89390,91184,malaysia
89542,91342,qatar
89619,91423,united states
89621,91425,united kingdom
89624,91428,united states
89687,91491,finland
89748,91553,united states
89827,91634,united states
90264,92079,united states
90337,92152,united states
90459,92278,united states
90750,92571,spain
90830,92652,canada
90837,92659,australia
90856,92678,united states
90870,92693,united states
90909,92733,united states
90984,92810,united states
91031,92861,canada
91144,92979,united states
91183,93018,spain
91190,93025,united states
91199,93034,united kingdom
91211,93046,united states
91212,93047,united states
91256,93092,canada
91301,93137,spain
91308,93144,germany
91341,93179,united states
91460,93303,united states
91518,93363,united states
91783,93636,canada
91843,93698,canada
91899,93755,spain
92009,93868,united states
92257,94120,canada
92309,94173,canada
92377,94242,spain
92507,94376,united states
92616,94485,united states
92624,94494,united states
92678,94549,united states
92899,94772,united states
92907,94781,united states
92913,94787,united states
92978,94853,new zealand
92986,94861,germany
92995,94870,spain
93047,94923,united states
93055,94931,united states
93075,94951,united states
93108,94985,spain
93146,95024,united states
93147,95025,united states
93220,95098,germany
93250,95128,united states
93263,95141,austria
93294,95173,united states
93347,95226,canada
93419,95301,australia
93476,95359,united states
93665,95554,united states
93815,95707,united states
93849,95741,canada
94004,95902,spain
94023,95921,australia
94025,95923,united states
94092,95991,united states
94096,95995,germany
94149,96048,germany
94432,96335,united states
94544,96448,united states
94569,96474,united states
94588,96493,new zealand
94648,96554,spain
94829,96744,spain
94855,96771,united states
94877,96794,germany
95084,97007,new zealand
95127,97050,malaysia
95198,97122,united states
95274,97198,united states
95365,97290,united states
95399,97324,portugal
95659,97587,canada
95825,97754,united states
96012,97945,united states
96139,98075,united states
96182,98120,united states
96260,98202,germany
96287,98230,united states
96319,98263,canada
96370,98316,united states
96374,98320,canada
96397,98344,united states
96443,98391,united states
96480,98428,spain
96525,98474,united states
96535,98484,united states
96667,98620,united states
96675,98628,kuwait
96768,98723,united states
96789,98745,united states
96801,98758,canada
96811,98768,germany
96825,98783,united states
96829,98787,australia
96902,98861,united states
96929,98890,united states
96943,98904,united states
96987,98950,united kingdom
97329,99298,united states
97366,99337,united states
97376,99347,united states
97470,99441,united states
97556,99528,united kingdom
97746,99720,united states
97856,99832,united states
97977,99955,united states
98018,99996,canada
98026,100004,united states
98086,100067,united states
98244,100227,iran
98272,100256,canada
98280,100264,united states
98369,100354,united states
98590,100578,ireland
98591,100579,united states
98602,100590,united states
98654,100644,germany
98794,100786,united states
98854,100846,united states
98860,100852,united states
98913,100906,united states
98971,100964,united states
99083,101081,malaysia
99093,101091,united states
99191,101191,switzerland
99208,101209,united states
99240,101242,netherlands
99332,101336,united states
99498,101505,united states
99541,101550,argentina
99597,101606,canada
99611,101620,united states
99663,101672,united states
99675,101684,united states
99837,101851,united states
99860,101874,united states
99862,101876,united states
100110,102129,united states
100139,102158,germany
100353,102375,united kingdom
100540,102564,united states
100547,102571,canada
100619,102647,united states
100673,102702,united states
100676,102705,canada
100727,102760,united states
100768,102801,united states
100858,102891,united states
100905,102938,united states
100934,102967,united states
101177,103217,austria
101184,103225,united states
101272,103315,united states
101293,103336,united states
101419,103467,united states
101440,103489,united states
101492,103541,austria
101772,103828,united states
101993,104058,united states
102045,104111,mexico
102059,104125,united kingdom
102073,104139,germany
102078,104144,united states
102162,104231,germany
102174,104243,united states
102214,104284,canada
102241,104311,united states
102264,104334,united states
102291,104362,united states
102326,104399,united states
102356,104429,united states
102553,104636,united states
102575,104658,united states
102582,104665,united states
102728,104812,united states
102850,104936,portugal
102857,104943,germany
102940,105028,malaysia
102970,105058,canada
102980,105068,united states
103027,105116,austria
103038,105128,united states
103046,105137,united states
103083,105175,germany
103095,105187,france
103128,105221,united states
103149,105243,united states
103169,105263,united states
103262,105358,united states
103264,105360,united states
103277,105374,canada
103379,105476,spain
103418,105517,canada
103427,105526,germany
103436,105536,united states
103517,105618,canada
103526,105627,canada
103574,105676,spain
103656,105760,united states
103690,105795,spain
103708,105813,united states
103735,105840,spain
103829,105937,united states
103869,105979,united states
103897,106007,united states
103899,106009,bermuda
103925,106035,germany
104084,106198,canada
104109,106225,united states
104280,106398,united states
104490,106614,united states
104617,106742,austria
104651,106777,canada
104690,106816,united states
104719,106846,united states
104722,106849,united states
104978,107109,canada
105039,107170,germany
105056,107187,canada
105110,107244,united states
105154,107288,united states
105274,107414,spain
105503,107645,spain
105507,107649,united states
105575,107718,united states
105638,107784,united states
105719,107865,united states
105753,107899,spain
105805,107951,germany
105872,108023,united kingdom
105951,108104,united states
105978,108132,united states
106028,108182,united states
106089,108243,united states
106197,108352,united states
106207,108362,united states
106235,108392,united states
106320,108480,venezuela
106519,108685,canada
106596,108763,canada
106606,108774,bahamas
106664,108832,saudi arabia
106841,109013,united states
106868,109040,france
106877,109049,united states
106934,109107,united states
106985,109159,united states
107180,109357,belgium
107227,109405,germany
107234,109412,united states
107249,109427,singapore
107341,109519,united states
107392,109574,canada
107711,109899,united states
107713,109901,australia
107766,109955,australia
107830,110019,united states
107840,110029,united kingdom
107920,110112,united states
107973,110165,united states
108035,110227,united states
108088,110280,united states
108127,110320,philippines
108166,110361,united states
108178,110373,united states
108245,110440,united states
108264,110459,united states
108288,110483,canada
108388,110584,united states
108465,110661,united states
108502,110700,united states
108588,110786,united states
108642,110840,australia
108713,110912,united states
108734,110934,united states
108788,110988,united states
108930,111133,united states
108963,111166,united states
109040,111245,canada
109056,111261,united states
109079,111286,united states
109285,111495,canada
109324,111536,united states
109422,111635,united states
109424,111637,united states
109515,111731,united states
109517,111733,united states
109533,111749,canada
109627,111847,united states
109711,111933,united states
109722,111944,united states
109725,111947,united states
109778,112001,united states
109802,112026,united states
109864,112088,united states
109947,112173,united states
110274,112507,united states
110362,112598,united states
110522,112761,united states
110526,112765,united states
110653,112897,united states
110709,112953,united states
110734,112979,united states
110784,113030,canada
110845,113096,united states
111017,113270,united states
111072,113325,united states
111081,113334,canada
111178,113435,united states
111184,113441,united states
111222,113479,united states
111261,113519,united states
111272,113531,united states
111326,113588,france
111346,113608,germany
111349,113612,germany
111367,113630,united states
111393,113657,united states
111657,113926,canada
111686,113955,united states
111714,113983,united states
111873,114146,united states
111926,114200,united states
111929,114203,germany
112028,114304,united states
112030,114306,canada
112061,114337,australia
112089,114365,united states
112092,114368,united states
112138,114414,united states
112166,114444,united states
112168,114446,united kingdom
112174,114452,united states
112220,114498,united states
112265,114544,united states
112302,114581,united states
112351,114634,romania
112375,114659,united states
112438,114722,united states
112577,114868,canada
112646,114937,united states
112697,114988,united states
112710,115002,sweden
112711,115003,united states
112868,115162,canada
112886,115180,canada
112930,115224,united states
113033,115330,united states
113236,115536,united states
113237,115537,canada
113271,115572,united states
113287,115589,germany
113384,115690,canada
113386,115692,united states
113394,115700,united states
113401,115707,united states
113447,115754,united states
113565,115874,new zealand
113587,115896,united states
113620,115929,united states
113633,115942,united states
113695,116005,canada
113696,116006,germany
113753,116063,united states
113784,116095,united states
113802,116113,united states
114081,116395,united states
114226,116543,united states
114279,116599,iran
114381,116705,united states
114388,116713,canada
114443,116769,canada
114474,116800,united states
114514,116840,united states
114549,116876,united states
114576,116904,united states
114603,116931,united states
114781,117111,canada
114782,117112,canada
114801,117132,united states
114841,117173,iceland
114907,117241,germany
114916,117251,united states
114970,117306,united states
114972,117308,united states
115116,117456,united states
115309,117652,united states
115479,117824,united states
115528,117873,united states
115732,118079,italy
115749,118096,spain
115948,118299,spain
115982,118333,south africa
116052,118404,united states
116082,118434,australia
116189,118543,united states
116322,118677,united states
116596,118955,united states
116755,119115,spain
116886,119248,united states
116909,119271,united states
116912,119274,united states
116955,119319,united kingdom
116962,119326,united states
117044,119413,united states
117070,119439,germany
117077,119446,canada
117136,119505,netherlands
117205,119575,canada
117460,119833,netherlands
117776,120155,united states
117952,120332,france
118012,120396,united states
118089,120476,canada
118160,120548,spain
118349,120740,united kingdom
118374,120765,united states
118390,120782,united states
118438,120831,united states
118498,120892,germany
118572,120967,canada
118741,121138,united states
118773,121170,united states
118803,121200,canada
119003,121405,united states
119141,121545,united states
119157,121561,united states
119261,121667,spain
119319,121726,australia
119409,121817,united states
119484,121892,united states
119511,121920,united states
119603,122014,united states
119626,122037,germany
119675,122086,canada
119691,122105,france
120012,122429,united states
120023,122440,canada
120187,122607,united states
120205,122625,germany
120235,122655,germany
120270,122694,united states
120313,122738,united states
120316,122741,canada
120367,122793,canada
120438,122867,united states
120490,122919,united states
120661,123094,united states
120662,123095,united states
120752,123186,united states
120821,123257,united states
121023,123460,united states
121105,123544,united states
121127,123567,united states
121167,123608,united states
121301,123744,united states
121381,123825,canada
121438,123883,united states
121600,124048,united states
121626,124078,united states
121627,124079,canada
121746,124200,united states
121954,124414,canada
122134,124597,canada
122153,124617,france
122252,124717,netherlands
122255,124720,united states
122322,124789,germany
122409,124876,united states
122479,124946,united states
122520,124989,united states
122589,125060,united states
122697,125171,united states
122729,125203,canada
122742,125216,united states
122743,125217,united states
122750,125224,germany
122781,125256,united states
122801,125276,germany
122828,125303,germany
122848,125323,united states
123039,125519,united states
123058,125538,canada
123115,125595,germany
123212,125692,united states
123292,125774,iran
123297,125779,united states
123433,125917,united states
123639,126127,canada
123640,126128,united states
123707,126196,united states
123765,126256,united states
123868,126360,united states
123997,126492,united states
124080,126577,united states
124102,126599,united states
124181,126680,spain
124194,126693,canada
124198,126697,united states
124236,126736,united states
124246,126747,germany
124247,126748,germany
124255,126756,germany
124282,126783,united kingdom
124310,126812,united states
124327,126829,united states
124400,126903,united states
124437,126941,germany
124481,126987,germany
124486,126992,united states
124617,127129,canada
124619,127131,united kingdom
124688,127200,united states
124691,127203,united states
124720,127233,united states
124768,127282,spain
124769,127283,germany
124808,127324,germany
124850,127367,united states
124866,127384,united states
124871,127389,united states
125098,127621,united states
125269,127795,united states
125305,127831,germany
125453,127980,united kingdom
125480,128008,united states
125520,128048,united states
125572,128102,united states
125578,128109,united states
125588,128119,united states
125662,128195,united states
125770,128307,united states
125788,128325,united states
125795,128332,united states
125877,128415,united states
125896,128434,united states
126004,128543,united states
126087,128631,spain
126149,128696,united kingdom
126183,128732,united states
126189,128738,united states
126233,128782,germany
126284,128835,united states
126362,128915,united states
126385,128938,united states
126520,129074,united states
126529,129084,united states
126544,129099,united states
126697,129255,spain
126829,129393,finland
126846,129410,united states
126899,129465,united states
126938,129505,united states
126982,129550,united states
127042,129611,germany
127118,129690,united states
127144,129716,united states
127410,129988,united states
127432,130011,canada
127469,130049,united states
127483,130063,united states
127585,130166,united states
127640,130224,united states
127811,130399,united states
127875,130465,united states
127924,130515,united states
127962,130554,united states
127989,130581,united states
128111,130705,australia
128190,130784,united states
128273,130870,united kingdom
128302,130899,germany
128340,130938,germany
128345,130943,spain
128352,130950,united states
128373,130971,united states
128431,131032,united states
128523,131126,spain
128630,131238,united states
128691,131299,germany
128753,131363,norway
128829,131441,france
128982,131594,united states
129165,131777,united states
129192,131804,germany
129251,131866,germany
129262,131877,united states
129420,132038,canada
129519,132141,united states
129551,132173,united states
129604,132229,united states
129614,132239,united states
129656,132282,united states
129747,132375,united states
129867,132498,italy
129890,132522,united states
129928,132562,germany
130028,132663,united states
130145,132782,canada
130197,132836,united states
130248,132887,united states
130262,132901,united states
130634,133280,united states
130650,133296,united states
130775,133424,united states
130785,133435,united states
130919,133571,united states
131090,133747,united states
131208,133868,united states
131217,133877,norway
131244,133905,united states
131344,134005,united states
131368,134029,united states
131470,134135,belgium
131506,134171,united states
131641,134311,united states
131762,134434,spain
131810,134483,united states
131856,134529,united states
131881,134556,spain
131969,134645,germany
132028,134705,canada
132054,134732,united states
132098,134776,united states
132118,134797,united states
132155,134837,malaysia
132359,135045,united states
132375,135061,united states
132378,135064,united states
132463,135149,united states
132550,135241,spain
132573,135265,united states
132628,135321,united states
132636,135329,bermuda
132658,135351,united states
132667,135360,united states
132674,135367,germany
132868,135567,united states
133002,135703,canada
133052,135753,united states
133097,135799,united states
133263,135965,united states
133294,135996,canada
133367,136071,united states
133392,136096,united states
133500,136205,united states
133508,136213,united states
133532,136237,canada
133620,136326,united states
133642,136348,united states
133644,136350,canada
133651,136357,united states
133676,136382,canada
133770,136477,france
133783,136491,united states
133875,136585,france
134009,136720,united states
134167,136882,spain
134190,136905,spain
134288,137006,germany
134379,137098,germany
134399,137118,united states
134467,137190,france
134598,137323,finland
134611,137336,united states
134659,137384,france
134672,137397,france
134688,137413,germany
134861,137589,united states
134950,137680,switzerland
134954,137684,united states
135011,137742,dominican republic
135020,137752,spain
135081,137816,spain
135098,137835,united states
135111,137849,united states
135218,137956,switzerland
135356,138097,united states
135383,138124,united kingdom
135435,138176,united states
135457,138198,canada
135515,138257,united states
135558,138300,united states
135635,138379,united states
135638,138382,united states
135646,138390,united states
135694,138439,united states
135696,138441,united states
135753,138499,germany
135769,138515,united states
135797,138543,united states
135832,138578,united states
135856,138602,united states
135886,138632,canada
135910,138656,united states
135926,138672,united states
135995,138744,united states
136027,138777,united states
136064,138815,south korea
136093,138844,canada
136131,138883,united states
136166,138918,united states
136242,138995,united states
136451,139208,united states
136486,139243,united states
136616,139376,united states
136661,139421,united states
136691,139451,germany
136724,139485,france
136752,139515,united kingdom
136784,139548,united states
136811,139575,united states
136941,139706,united states
137142,139913,united states
137196,139968,germany
137228,140000,united kingdom
137306,140080,germany
137390,140167,united states
137452,140231,portugal
137577,140358,united states
138048,140842,germany
138069,140863,germany
138079,140873,germany
138085,140879,germany
138098,140892,united states
138180,140974,united states
138408,141203,germany
138415,141210,germany
138506,141302,united states
138553,141350,united states
138691,141491,united states
138693,141493,united states
138709,141511,united states
138716,141519,united states
138804,141608,slovakia
138847,141651,germany
138904,141710,united states
138913,141719,united states
139094,141901,new zealand
139130,141937,united states
139152,141960,united states
139308,142121,united states
139316,142129,canada
139439,142256,canada
139539,142357,united states
139552,142370,canada
139593,142412,united states
139635,142454,austria
139658,142479,united states
139664,142485,united states
139758,142580,united states
139762,142584,united states
139778,142600,united states
139839,142661,united states
139866,142689,united states
140274,143103,germany
140299,143129,germany
140332,143163,united states
140344,143175,united states
140437,143270,united states
140608,143445,united states
140626,143464,united states
140683,143523,germany
140747,143587,united states
140875,143715,united states
140950,143792,united kingdom
140954,143796,switzerland
140995,143837,united states
141023,143866,germany
141099,143942,united states
141120,143964,united states
141124,143968,united states
141192,144038,united states
141215,144061,united states
141286,144134,united states
141371,144219,united states
141406,144255,germany
141467,144318,united states
141540,144391,united states
141595,144449,brazil
141600,144455,united states
141623,144478,united states
141676,144531,united states
141725,144582,united states
141762,144619,united states
141819,144676,germany
141833,144690,united states
141967,144828,united states
141969,144830,united states
142299,145165,australia
142322,145189,united states
142422,145291,united states
142462,145332,canada
142498,145369,united states
142577,145449,united states
142670,145544,germany
142769,145644,malaysia
142834,145711,united states
142891,145769,new zealand
143036,145916,italy
143118,146000,united states
143228,146113,united states
143290,146175,united states
143401,146290,spain
143405,146294,spain
143409,146298,france
143413,146302,united states
143458,146348,united states
143675,146569,germany
143676,146570,canada
143679,146573,united states
143754,146649,spain
143813,146709,united states
143879,146778,canada
143904,146803,united states
143955,146855,united states
144138,147044,united states
144194,147101,united states
144233,147141,united states
144486,147396,united states
144509,147419,canada
144540,147451,united kingdom
144767,147685,united states
144768,147686,united states
144834,147752,united states
144917,147839,united states
144925,147847,united states
144977,147900,united states
145023,147947,canada
145040,147965,united states
145196,148121,united states
145200,148125,austria
145229,148154,spain
145294,148220,germany
145330,148258,canada
145383,148312,united states
145517,148450,spain
145580,148513,france
145581,148514,united states
145606,148539,united states
145615,148548,united kingdom
145793,148731,canada
145805,148744,united states
145856,148798,united states
145862,148804,united states
145871,148813,united states
145954,148898,united states
145989,148934,united states
146123,149071,united states
146135,149084,united states
146140,149089,united states
146416,149366,united states
146470,149421,slovakia
146640,149598,united states
146757,149718,germany
146871,149835,united states
146942,149908,united kingdom
147339,150316,united states
147493,150471,united states
147581,150561,netherlands
147605,150585,united states
147631,150611,united states
147681,150661,united states
147780,150762,spain
147909,150894,united states
147911,150896,united states
147982,150968,united states
147993,150979,united states
148330,151322,germany
148343,151335,spain
148375,151370,romania
148424,151420,spain
148445,151441,spain
148506,151503,united states
148589,151589,united states
148642,151643,united states
148652,151653,united states
148759,151762,germany
148785,151790,united states
148840,151846,canada
148980,151991,netherlands
149002,152013,canada
149009,152020,united states
149025,152036,united states
149087,152099,united states
149095,152107,spain
149143,152155,australia
149173,152186,canada
149229,152243,united states
149354,152372,germany
149391,152409,united states
149415,152435,united states
149444,152464,germany
149463,152483,portugal
149620,152640,united states
149624,152645,united states
149630,152651,united states
149780,152805,germany
149916,152946,portugal
150024,153054,united states
150084,153115,united states
150178,153211,canada
150244,153279,united states
150331,153367,united states
150543,153582,united states
150576,153616,spain
150610,153653,united states
150619,153662,united states
150675,153718,united states
150676,153719,united states
150751,153797,united states
150822,153869,germany
150900,153949,united states
150972,154021,portugal
151072,154125,germany
151282,154345,united states
151381,154449,switzerland
151395,154465,united states
151399,154469,canada
151473,154543,united states
151539,154610,canada
151604,154675,united states
151655,154727,united states
151709,154781,united states
151770,154844,united states
151916,154992,united states
151929,155005,canada
151937,155014,united states
151957,155035,austria
152059,155141,united states
152121,155204,united states
152243,155332,united states
152285,155376,united states
152383,155475,united states
152403,155495,united states
152515,155613,germany
152667,155769,spain
152808,155913,germany
152817,155922,germany
152944,156050,switzerland
152987,156094,united states
153042,156150,united states
153104,156214,united states
153158,156269,united states
153163,156274,united states
153188,156300,united states
153354,156467,united states
153553,156670,portugal
153588,156706,united states
153640,156759,united states
153711,156833,denmark
153754,156876,argentina
153847,156971,france
153848,156972,france
153894,157018,canada
153957,157082,france
153976,157101,united states
153993,157118,spain
154037,157163,united states
154120,157247,netherlands
154145,157273,united states
154168,157296,spain
154218,157347,spain
154353,157488,norway
154401,157536,united states
154530,157668,germany
154592,157730,germany
154960,158104,united states
155078,158226,norway
155146,158295,united states
155279,158433,united states
155451,158606,united states
155472,158627,spain
155677,158837,united states
155818,158984,united states
155867,159033,united states
155998,159165,germany
156115,159286,united states
156217,159390,germany
156255,159429,italy
156279,159455,kuwait
156328,159506,united states
156367,159546,canada
156538,159720,canada
156627,159809,united states
156652,159834,united states
156677,159860,united states
156847,160032,germany
156853,160038,france
157000,160186,canada
157045,160231,united states
157112,160298,mexico
157214,160401,united states
157368,160558,united states
157381,160571,france
157490,160681,united states
157624,160819,united states
157827,161030,united states
157835,161039,canada
157837,161041,portugal
158028,161234,united states
158069,161275,united states
158142,161348,united states
158167,161373,united states
158260,161467,united states
158273,161480,france
158322,161530,united states
158417,161626,canada
158442,161652,germany
158540,161752,united states
158639,161853,united states
158647,161861,canada
158668,161882,canada
158689,161903,united states
158722,161936,australia
262151,267443,germany
262161,267453,united states
262246,267538,canada
262267,267559,germany
262385,267680,canada
262532,267830,united states
262805,268110,united states
262925,268232,united states
262954,268262,ireland
262960,268268,united states
262991,268300,canada
263062,268372,switzerland
263101,268411,united states
263158,268471,spain
263342,268657,malaysia
263349,268665,united states
263394,268711,switzerland
263444,268761,united states
263469,268786,united states
263614,268932,canada
263693,269011,canada
263900,269223,germany
263983,269308,united states
263996,269321,united states
264006,269331,united states
264053,269378,portugal
264061,269386,united states
264239,269566,united states
264391,269719,united states
264431,269759,portugal
264505,269833,united states
264507,269835,united states
264513,269841,malaysia
264585,269915,austria
264586,269916,united kingdom
264641,269973,germany
264734,270069,united states
264755,270091,united states
264801,270139,united states
264936,270278,germany
264984,270326,united states
265010,270352,united states
265142,270484,united states
265153,270495,united kingdom
265367,270713,canada
265382,270728,united states
265469,270820,united states
265486,270838,united states
265645,271000,united states
265710,271066,united states
265729,271086,canada
265798,271156,united states
265814,271172,united states
265818,271176,united states
265837,271195,united states
265925,271284,united states
265994,271353,germany
266087,271448,united states
266153,271516,germany
266178,271542,united states
266194,271558,united states
266223,271588,united states
266293,271659,canada
266315,271681,france
266338,271705,united states
266344,271711,portugal
266467,271836,germany
266562,271935,italy
266586,271959,united states
266607,271980,germany
266628,272001,united states
266643,272016,united states
266846,272225,united kingdom
266969,272349,united states
267026,272407,united states
267078,272462,australia
267183,272573,united states
267323,272715,spain
267393,272786,united states
267416,272810,united states
267566,272962,united states
267653,273053,spain
267654,273054,united states
267684,273086,united states
267709,273113,united states
267734,273140,united states
267749,273155,spain
267842,273252,united states
267897,273307,united states
267908,273318,united states
267933,273344,united states
267979,273391,united states
268073,273486,germany
268107,273520,germany
268121,273535,united states
268300,273718,united kingdom
268377,273796,germany
268484,273906,germany
268511,273934,united states
268569,273993,united states
268580,274004,united kingdom
268628,274052,united states
268636,274061,united states
268684,274111,switzerland
268758,274186,spain
268791,274220,germany
268871,274301,australia
268878,274308,united states
268894,274325,netherlands
268945,274380,united states
268958,274393,united states
268993,274428,united states
269030,274466,united states
269206,274648,united states
269397,274842,germany
269478,274925,united states
269571,275020,united states
269600,275050,united states
269624,275075,united states
269720,275175,united states
269724,275179,united states
269740,275195,united states
269755,275210,denmark
269849,275305,united states
269916,275374,united states
269922,275380,united states
269943,275401,united kingdom
270061,275519,united states
270112,275573,switzerland
270339,275800,united states
270362,275825,united states
270468,275933,united states
270488,275953,united states
270505,275970,united states
270552,276017,united states
270573,276038,united states
270577,276042,spain
270585,276050,united states
270606,276071,united states
270612,276077,spain
270697,276165,united states
270761,276231,united states
270766,276236,united states
270856,276329,spain
270927,276401,united states
270989,276463,united states
271012,276487,spain
271159,276641,portugal
271187,276670,canada
